,protocol,post_id,timestamp,title,description
0,compound,compound--QmZUtFVmqBPkurntoCqLYrKZebwiCwbrfE8YLvWSECJjRM,2021-06-28 22:36:58+00:00,Borrow cap - cCOMP RE:Getty,"Originally from @getty

Set Borrow cap to 4.6 Million


Proposal: remove the borrow cap on the cCOMP market.

On last Wednesday’s Community Call (I tried and failed to record the call…next time) we discussed removing the cCOMP borrow cap of 100k COMP. The borrow cap was originally put into place to prohibit someone from using the market to borrow COMP, create a governance proposal, vote, and return the capital in seconds. After the upgrade to Governor Bravo and the installation of a review period, the governance process is significantly more cost-prohibitive for a borrower to obtain the necessary votes to meet the proposal threshold. As well, the review period gives users 48-hours to position their COMP holding for a vote, unlike Governor Alpha which used an instantaneous voting system. If a malicious user were to borrow the required COMP to meet the proposal threshold the community would have sufficient time to defeat their proposal.

Removing the borrow cap will help the COMP market develop. Trading firms (onchain and offchain) utilize money markets like Compound and Aave in their systems to borrow assets and particularly ones that are not abundant in supply in traditional borrow/lend services like BlockFi, Genesis, Nexo, and Celsius. It is helpful for everyone if spot and futures markets are efficient.

Next Steps: Changing the borrow cap does not require a traditional governance proposal since caps are controlled by the community multisig. The multisig holders follow the direction of the community. Below is a 7-day poll for removing the borrow cap on the cCOMP market. If you vote “YES” you think the borrow cap should be removed. If you vote “NO” you do not think the borrow cap should be removed. If the poll revolves to “YES” after the 7-day period the multisig holders will remove the borrow cap."
1,compound,compound--bafkreibb7hbrrgz5a2xdg55uzhynfotw7xadn45wefzr3uecazhcnu2oeq,2022-08-31 23:49:33+00:00,Reserve Factor Consensus for the Compound Protocol,"
Forum discussion can be found [here](https://www.comp.xyz/t/reserve-factor-consensus-for-the-compound-protocol/3487).


To facilitate community discussion and establish consensus regarding the next steps on Reserve Factors for Compound II, Gauntlet provides the following 3 options. Below, we outline the tradeoffs for each option in more detail. Gauntlet recommends that options 1 and 3 are the most prudent options. Since adjusting Reserve Factors is as much a matter of business strategy as it is of market risk, it is important for the community to find consensus. 


1. **Decrease Reserve Factors by 0.025 for USDT and DAI -** since reserves are currently high enough to cover the 95% tail scenarios showing $0 VaR for all collateral assets, and borrows have sharply declined on the protocol, reducing Reserve Factors is an opportunity to bring interest rates close to the market rate with the goal of driving borrow activity while also gathering data around borrower and supplier elasticity. These assets are also not part of the initial Compound III roll-out and, therefore, relatively isolated from that market. 
    
    ***Limitations and Tradeoffs***: Since we do not have data on borrower elasticity, we cannot model borrower behavior. If users are inelastic to interest rate changes, the reduced reserve factor might result in lost revenues for the protocol. This risk may be acceptable given the low borrow volume at the moment. 
    
2. **Increase Reserve Factors by** **0.025** **for USDT and DAI** - proponents of this option may assume user behavior is inelastic to interest rates, therefore allowing the protocol to capture a larger share of the revenue. Any change in reserve factor would enable the community to gather data on user elasticity to build better models in the future. 
    
    While we support either option to gather data and improve models, Gauntlet does not recommend this option since any user elasticity with respect to this change would push interest rates farther away from the market rate as liquidity leaves the protocol.
    
    ***Limitations and Tradeoffs***: same as above - since we do not have data on elasticity, we cannot model behavior. If users are elastic to this change, an increase in reserve factor could result in decreased revenues for the protocol, the extent to which is unknown given the limited data. 
    
3. **Wait until Compound III is live** - with the changing dynamics to be brought on by Compound III (reserve factor will no longer be set as a global parameter), the community may decide to wait to change reserve factors. 
    
    The **tradeoff** here is that we will collect no information on user elasticity. 
    




*By approving this proposal, you agree that any services provided by Gauntlet shall be governed by the terms of service available at gauntlet.network/tos.*

"
2,compound,compound--bafkreiar7qfbmmabclsogilncy542cyenehjulmdhhewuzojdooer4tnje,2022-09-03 03:28:47+00:00,Risk-Off Framework for the Compound Protocol,"## Rate of Change Consensus 
To achieve sustainability, Compound must combine *value creation* under favorable market conditions with *protection* of itself and its users when conditions become unfavorable [1]. 

**Compound must be able to lower the collateral factor of collateral assets to reduce the risk it and its users face under those adverse conditions**.

Collateral factor reductions can impact users in a number of ways. In particular, if a user's account health is low, this type of parameter change can render the account eligible for liquidation. 

If a user rebalances their position ahead of a collateral factor reduction, they will avoid liquidation. For this reason, Gauntlet will provide notice to the community via communication channels that may include the forums and Twitter, among others.

That said, there is always some chance that a user will not monitor their account or fail to supply collateral in time, resulting in ""risk-off liquidations"".



---


It is important that the community explicitly aligns on a desired maximum reduction to collateral factors per Compound proposal, as ""risk-off liquidations"" impact the user experience.

Community input is also valuable because limits on CF reduction impose an important trade-off:
1. A lower max CF reduction will minimize the impact to borrowers but at the cost of reducing the rate at which risk can be taken off. This, in turn, limits the extent to which leverage can be increased during favorable conditions, making Compound less capital efficient and coming at the cost of borrow volume. 
2. A higher max CF reduction will strengthen Compound's ability to maximize capital efficiency under favorable market conditions but increase the potential for risk-off liquidations.


---

This Snapshot vote has the below options: Per Compound proposal, each collateral asset's collateral factor may be reduced by an absolute percentage of up to:
* 5% (see point (2) above)
* 4%
* 3%
* 2%
* 1% (see point (1) above)
* 0%
* Abstain

Note:
* *This limit would **not** apply under severe conditions, such as a contract vulnerability.* 
* *It **would** apply to all collateral assets Gauntlet supports, including ETH, WBTC, DAI, &c. [2].*


---



## 
[1] Please find a detailed explanation of Gauntlet's Risk Management methodology [here](https://medium.com/gauntlet-networks/gauntlets-parameter-recommendation-methodology-8591478a0c1c).

[2] A complete list of currently supported assets can be found [here](https://gov.gauntlet.network/compound).
"
3,compound,compound--bafkreibaihwwofpcpwvpg2shoh2vu45wxk5siw3nkw6qodlzguhz6attqm,2022-09-20 17:20:58+00:00,Proposal To Improve Governance Discussion and voting processes with Commonwealth,"## Overview

Blockchain at Berkeley is partnering with Commonwealth to migrate Compound governance discussions to the Commonwealth platform. We are excited to support more transparency in the governance process by sponsoring this proposal on Commonwealth's behalf. This proposal aims to outline a plan to improve Compound’s current community governance discussion and voting processes. Adopting Commonwealth as the governance forum for Compound will increase governance **discussion**, **engagement** and **transparency**.

Commonwealth consolidates multiple community tools into one place by offering a fully crypto-native forum and voting interfaces (polls, Snapshot, and on-chain governance) all in one platform. Commonwealth is completely free to use and will soon be fully-decentralized.

We respectfully submit this proposal for your consideration, and we are looking forward to your questions and feedback.

## Proposal

Migrate the current Compound governance forum from Discourse to Commonwealth.

## Voting Options

**In favor:**

Migrate to Commonwealth

**Against:**

Do nothing

### About Commonwealth

Commonwealth consolidates forum discussions, snapshot voting and on-chain voting into an all-in-one platform for decentralized communities to run themselves.

We power over 900 DAOs including [dYdX 1](https://commonwealth.im/dydx), [Stargate 1](https://commonwealth.im/stargatetoken), [Osmosis](https://commonwealth.im/osmosis), [Element Finance 1](https://commonwealth.im/element-finance), [Axie Infinity 1](https://commonwealth.im/axie-infinity), and [Redacted Cartel 1](https://commonwealth.im/redacted-cartel). Commonwealth has raised $20M+ from Dragonfly, Parafi, Polychain, Framework, Hashed, Nascent, Spark, Balaji, Stani, and others.

Compound [Commonwealth 2 min Feature Walk Thru 5](https://share.vidyard.com/watch/r8C2AAfKV24Wodgo2574j5?)

### Commonwealth Key Benefits & Solution

1. Hosting all community discussions, snapshot votes and on-chain governance on one platform improves access to information and reduced tooling friction
2. Linking previous forum discussions to their respective proposals improves voter education and transparency, enabling members to make informed decisions, thus increasing voter turnout
3. Enabling users to access all of their communities via a single interface and the consolidated user dashboard increases participation and allows users to easily stay up to date with current community governance initiatives
4. Ability to own your community platform for free and stop paying rent to web2 platforms
5. Robust token gating + wallet login helps prevent spam and social engineering attacks
6. High-touch customer service to quickly resolve any issues and implement new features, *check out our roadmap at the bottom to see what we’re actively pushing*
7. Ability to create separate, but linked subDAOs for more complex org structures

### Commonwealth Transition Process

M**igrating to Commonwealth takes a few minutes:**

1. Download a back data dump of the Compound Discourse Forum
2. Commonwealth imports the Compound forum to Commonwealth (maintains all content, profiles and past activity)
3. Commonwealth integrates the Compound Governor Bravo governance contracts and Snapshot (creates bidirectional governance interfaces)
4. Community owned and run forum

**For users, using Commonwealth is simple:**

1. Link your wallet via Metamask or Wallet Connect
2. Join the Compound Commonwealth forum
3. Link the same email you used for Discourse to claim your old account
4. Begin discussions

## Commonwealth Roadmap

Commonwealth is a Web3 platform working to empower Web3 projects.

We’re continuously building key features and workflows based partner feedback to improve DAO engagement, empower DAO growth and increase DAO success.

### Upcoming Commonwealth Product Initiatives

- Notifications
    - We are building out more robust in-app, email, and push notifications. EPNS has already begun deploying governance notifications for Commonwealth activity.
- Moderation
    - We are enabling more complex community moderation functionality. This includes time-bans, rule logic for community roles, and spam prevention methods.
- Common API
    - Our soon to be launched API enables other tools and projects to tap into the social data from the Commonwealth platform.
- Common App Store
    - Roll out an app store offering full composability of DAO tools within a single interface. This will enable DAOs to process payroll, manage their treasury, create POAPs, etc. without needing to flip applications.

If you have a key feature you’d like to see on the Compound Forum, we’d love to chat and build out the functionality to empower Compound.

## Further Resources

[Why Commonwealth](https://www.notion.so/Why-Commonwealth-1544dcdd4af54420b6ce031e0507957a)

[Website](http://commonwealth.im/)

[Docs](https://docs.commonwealth.im/commonwealth/)

[Twitter](https://twitter.com/hicommonwealth)

**Leadership Team**

Dillon Chen - Founder - prev. VC at Dorm Room Fund, web3 wifi founder

George Beall - Head of Business - prev. web3 Social Founder, growth at Fortune 10 company

Jake Naviasky - Head of Engineering - prev. Bloomberg, Carnegie Mellon

Zak Hap - Head of Product - prev. DeFi founder, Columbia

Aden Bailey - Head of Design - prev. Product Design Professor"
4,compound,compound--0xba069fb02f137f75afa954c988994cda0fb6c9eaa1ecc4454325c7948a8cddbd,2022-11-16 14:43:08+00:00,CIP-1: Compound Improvement Proposal Adoption,"# Summary
This is a vote to adopt CIP-1 as the foundational process for Compound Improvement Proposals. Per the adoption process for Meta CIPs, CIP-1 will go through a snapshot vote for 1 week with a simple majority and no quorum threshold. Details on CIP-1 can be found below or in the following [Google Doc](https://docs.google.com/document/d/1Eiy5IxLcnfGC3UHQ11cBroGJpxPVSWqMaMOq0j3dhJE/edit#heading=h.mvjq6jf0433)

# CIP-1: Purpose and Guidelines for Compound Improvement Proposals

Author: Michael Lewellen
Contributors: @allthecolors, @dakeshi, @adam_b_compound, @harsha, @boardroom, @kevin
Status: Final Call
Type: Meta Process
Created: 2022-10-20

## Overview

A Compound Improvement Proposal (CIP) describes standards, processes and enhancements intended to improve the Compound Protocol. They can take the form of governance processes, on-chain enhancements, off-chain tooling or other goals that help Compound achieve objectives as a leading DeFi lending platform.


## CIP Rationale

CIPs are intended to be the default mechanism to improve Compound as both on-chain code and off-chain processes.

It’s important to note that CIPs are strictly separate from [Compound Governor Proposals](https://compound.finance/governance) and should not be considered a required prerequisite for submitting an on-chain proposal. Instead, CIPs are intended to define better processes for certain types of Governance Proposals in addition to serving as a way to solicit community feedback and acceptance on certain protocol enhancements before they are submitted on-chain.

Overall, CIPs serve as a collection point for improvement suggestions for the protocol. Community participants can also use CIPs to find contribution opportunities and even seek funding through grant committees and other support groups.


## CIP Types

There are three types of CIP:



1. **Meta Process** - describes any process to be adopted or modified to coordinate Compound governance, development, or community efforts
2. **Protocol Enhancement** - describes any change to the smart contracts that make up the Compound Protocol and Governor
3. **Tooling & Support** - describes any additions or improvements to off-chain infrastructure, tooling, documentation or other components that support the usage of the Compound protocol.


## CIP Lifecycle

CIP Authors will start out with an idea, draft that idea into a CIP document, request a peer review and then move through an approval process with the Compound Working Group. Ideas can be filed as issues on a commonly shared GitHub similar to [Ethereum PM](https://github.com/ethereum/pm/). CIPs can be drafted as PRs and then request review to be added to the agenda for the biweekly Working Group meetings.
 
 
![image](ipfs://bafkreigc72pcgfa7sze5nadlbp3jrpb2r4f2dvhrmkhm6q4w6otruzaexi)
    
    
CIP Editors will be selected from among core community contributors that will attend meetings regularly and provide feedback to CIPs. If any objections are raised to a CIP in its first meeting, it must address that feedback and then request another review in a future meeting. In a CIP’s second meeting, if there are no objections OR a majority of Editors are in favor, the CIP is approved and then remains in Last Call for 14 days before the implementation process begins.

 
![image](ipfs://bafkreig3mazojyhynck673fbqkkawegfjiqt7yjjityh53ojh456pucdbu)
    

Once past the Working Group, a CIP’s implementation path will diverge depending on its type. Meta Process CIPs will be approved by a majority Signal vote by COMP holders with no quorum after which they will become officially adopted as part of the Compound governance process that all COMP holders are expected to uphold. Other CIPs are left to the community to implement which can include funding to be approved by a Grant Committee or any other entity willing to support. Protocol Enhancements will also need to pass through a Compound Governance vote just as any other smart contract change would.


## What belongs in a successful CIP?

Each CIP should have the following parts:



* **Preamble** - RFC 822 style headers containing metadata about the CIP, including the CIP number, a short descriptive title (limited to a maximum of 44 characters), a description (limited to a maximum of 140 characters), and the author details.
* **Abstract** - Abstract is a multi-sentence (short paragraph) technical summary. This should be a very terse and human-readable version of the specification section. Someone should be able to read only the abstract to get the gist of what this specification does.
* **Motivation** - A motivation section should clearly explain why the existing protocol state is inadequate to address the problem that the CIP solves. 
* **Proposal Details** - One or more sections that thoroughly explain the technical solution and/or processes of the proposal . The specification should be detailed enough to allow for either a technical implementation or adoption of a governance process should the CIP be approved.
* **Rationale** - The rationale describes what motivated the CIP and why particular design or process decisions were made. It should include alternate designs/processes that were considered and related work, e.g. how the feature/process is implemented in other protocols. The rationale should discuss important objections or concerns raised during discussion around the CIP including technical and legal concerns.
* **Expected Impact** - The CIP’s expected impact should list measurable results for how Compound will be improved by its implementation. It might also take note of negative trade-offs mentioned in the Rationale section and demonstrate here that they are outweighed by the positive effects.
* **Security Considerations** _(optional)_ - While not always required for “Meta Process” or “Tooling & Support” CIPs, every “Protocol Enhancement” must contain a section that discusses the security implications/considerations relevant to the proposed change.
* **Copyright Waiver** - All CIPs must be in the public domain. The copyright waiver MUST link to the license file and use the following wording: _Copyright and related rights waived via [CC0](/LICENSE)._


## CIP Formats and Templates

CIPs should be written in markdown format. There is a template to follow that will be established in a GitHub repository for tracking and approving all CIPs.


## CIP Editors

The current CIP editors are:

* Michael Lewellen (@cylon)
* Sriharsha Karamchati (@harsha)
* @Arr00
* Jared Flatow (@jared)
* Geoffery Hayes (@hayesgm)
* Kevin Cheng (@kevin)
* Duncan Dobbelmann (@Boardroom)
* @Dakeshi
* Michael Imperiale (@CL_Michael)

## CIP Editor Responsibilities

For each new CIP that comes in, an editor does the following:

* Read the CIP to check if it is ready: sound and complete. The ideas must make technical sense, even if they don’t seem likely to get to final status.
* The title should accurately describe the content.
* Check the CIP for language (spelling, grammar, sentence structure, etc.), markup (GitHub flavored Markdown), code style

If the CIP isn’t ready, the editor will send it back to the author for revision, with specific instructions.

Once the CIP is ready for the repository, the CIP editor will:

* Assign a CIP number (generally the PR number, but the decision is with the editors)
* Merge the corresponding pull request
* Send a message back to the CIP author with the next step.
* The CIP editors monitor CIP changes, and correct any structure, grammar, spelling, or markup mistakes we see.

The editors don’t pass judgment on CIPs. They merely do the administrative & editorial part. Editors may still voice either support or opposition to the CIP’s claims of improving Compound but that should not factor into their decision-making criteria to approve a CIP. That will come down to the implementation phase where a CIP is left up to a Snapshot, Governance or Grant decision.

## History

This document was derived heavily from [Ethereum’s EIP-1](https://eips.ethereum.org/EIPS/eip-1), written by Martin Becze and Hudson Jameson, which in turn was derived from [Bitcoin’s BIP-0001](https://github.com/bitcoin/bips), written by Amir Taaki, which in turn was derived from [Python’s PEP-0001](https://peps.python.org/). In many places text was simply copied and modified. 

## Copyright

Copyright and related rights waived via [CC0](https://creativecommons.org/publicdomain/zero/1.0/)."
5,compound,compound--0xb84d08d844ddc5e296e3304569a13c64245aa5db509ada0d71d044b0e5efc8b3,2024-04-11 03:14:15+00:00,Swap Community ETHW,"In December, the compound community multisig received 186.6k ETHW through a white-hat hack. We've been looking for methods to hand it over to the DAO since the receiving the ETHW; however, since there is limited DEX liquidity and bridging abilities, this has been difficult. Recently, AlphaGrowth has agreed to facilitate the OTC transaction via wintermute.

This proposal seeks guidance from the community on moving forwards with swapping and transferring the ETHW. Given community support, we will swap to either USDC or ETH and pay out a 10% white-hat bounty to Arr00. The remaining 90% of funds will be sent to the Compound DAO multisig.

If the sum of the swap votes is higher than the do not swap votes, we will follow the swap selection with the most votes."
6,compound,compound--0x617af827c93e5bb12500d25e7853e8acae895f277009f18bac68bf55b5cc3560,2024-07-03 20:34:53+00:00,LST and LRT Exchange Rate Price vs. Market Price Feeds,"After many in-depth discussions with other delegates and collecting community feedback, we have decided to move forward on implementing a hybrid exchange rate oracle for pricing Liquid Staking Tokens (LSTs) that optimizes security and scalability.

We’re thrilled that the Chainlink Labs team proposed an implementation for this oracle design, and we actively sought feedback from Gauntlet. The high-level overview of the proposed implementation is a Chainlink decentralized oracle network (DON) that would track the amount of underlying collateral backing an LST, which is the amount of ETH actively staked on the beacon chain. For increased security assurances for the Compound protocol, the results from the DON could be combined with comparison check conditions against the LST issuer’s on-chain calculated primary exchange rates and/or secondary market rates. Note that this design is subject to change based on feedback from Compound service providers.

Gauntlet has proposed deploying exchange rate pricing oracles across the various current LST/LRT markets while the hybrid exchange rate oracle is still under development. This approach aims to support the growth of Compound's TVL and revenue by enabling wstETH as collateral sooner and protecting other markets from the downsides of market price-dependent risks. Once the hybrid oracle development and audits are complete, the plan would be to transition to the new oracles."
7,compound,compound--0x7bad72da4ef7ee625a2d51a4a7e3c37d7dafbfb1ccea233d04c2023e22b2672f,2024-07-26 14:44:33+00:00,Protecting the Compound Community from Online Threats w/ ChainPatrol,"**Background:**

ChainPatrol is a Real-Time Security Platform that aims to detect, block and manage takedowns of active malicious threats targeting Compound Protocol, keeping the community and organization safe from bad actors.

Website - [https://chainpatrol.io/
](https://chainpatrol.io/)
Introduction to ChainPatrol - https://chainpatrol.notion.site/Introduction-to-ChainPatrol-8166ad5f4c634129a2350e229001878b

Related Forum Post - https://www.comp.xyz/t/alphagrowth-enhancing-security-and-trust-with-chainpatrol/5427

**Service Description:**

Service Cost: ($3K USD/mo starting with a 1 month paid trial, with the goal to continue into a 1-Year Contract after a successful trial). We will be paid directly by AlphaGrowth from their Growth Program Budget.

As Compound continues to grow and scale, bad actors have an increasing incentive to target the community, organization, and staff members. Online threats vary in nature across each platform and ChainPatrol specializes in detecting, blocking, and taking down these active threats (impersonations, phishing links, wallet drainers).

Our takedown service covers domains, social platforms, and app stores, with social takedowns spanning across X.com, Discord, Telegram, Reddit, Instagram, YouTube, LinkedIn, TikTok, Facebook, and decentralized social platforms. Additionally, ChainPatrol Reporting Bots (for Discord and Slack) facilitate easy reporting from your team and community. By partnering with ChainPatrol, Compound can ensure a secure, trusted environment for its users and stakeholders.

We have proven success with leading projects such as Arbitrum, zkSync, The Graph, Starknet, CoW Swap, Consensys,underscoring our capability to prevent the loss of community funds swiftly and effectively. ChainPatrol can block malicious domains in as little as 15 minutes across 20 leading crypto wallets, including Metamask, Coinbase Wallet, and Phantom.

**Action Items/Next Steps**:

Our aim for this snapshot vote is to get the support of the Compound Community to become a valued security partner that works closely with Compound to protect its community, users, and builders through all of the key roadmap events, mitigating the impact of these potential threats on community members.

In addition, voting “Yes” to this proposal, will also serve as permission from the Compound Community for ChainPatrol to act on the DAO’s behalf for the purpose of initiating takedowns of malicious content across all socials (see Addendums below. These are presented to the platforms we petition with takedown requests to prove we are authorized by the community to work on its behalf.)

**Addendum 1 → Power of Attorney**
 
![image](ipfs://bafybeigfk3kptoci7uuk3njgddqqkbjyvlkpzro7f6nrxyjnxllamkxbvm)
    
**Addendum 2 → X.com Letter of Authorization**
 
![image](ipfs://bafkreididabdvsgttqm3ayhz63dxoavn5c6q5buzlrnnnwclv322ma5nim)
    

Additional steps in the onboarding process will include:

1. Gathering Trademarks Details

2. Add all brand assets and URLs to the dashboard

3. Add Social Profiles of key Compound Protocol Staff Members

4. Add Discord or Slack Reporting Bot for the Community.

5. Staff and community members will be able to both check and report suspected malicious assets, using the /check and /report commands

**ChainPatrol looks forward to being a trusted security partner of Compound and its community!**

**Thank you all for your consideration!**"
